"Year","Source","Value","Target","lat_dest","lon_dest","lat_org","lon_org","weight"
1980,"Zimbabwe",22440,"Botswana",-22,24,-20,30,0.527586952547114
1980,"Angola",200000,"Congo, the Democratic Republic of the",0,25,-12.5,18.5,0.725077137043427
1980,"Uganda",30000,"Congo, the Democratic Republic of the",0,25,1,32,0.556156259376425
1980,"Nicaragua",15000,"Costa Rica",10,-84,13,-85,0.486551700125871
1980,"Equatorial Guinea",10000,"Gabon",-1,11.75,2,10,0.443470357682056
1980,"Viet Nam",6450,"Hong Kong",22.25,114.1667,16,106,0.394689618559966
1980,"Viet Nam",37420,"Indonesia",-5,120,16,106,0.577368135746359
1980,"Cambodia",19940,"Lao People's Democratic Republic",18,105,13,105,0.515727099538776
1980,"Zimbabwe",150000,"Mozambique",-18.25,35,-20,30,0.701226184798475
1980,"Viet Nam",6890,"Philippines",13,122,16,106,0.402184511304271
1980,"Cambodia",175000,"Thailand",15,100,13,105,0.714077107171107
1980,"Lao People's Democratic Republic",9000,"Thailand",15,100,18,105,0.431965052115535
1980,"Zimbabwe",20540,"Zambia",-15,30,-20,30,0.51871706891191
1981,"Chad",4030,"Central African Republic",7,21,15,19,0.339582381234089
1981,"Chad",93310,"Cameroon",6,12,15,19,0.660581387759098
1981,"Uganda",40000,"Congo, the Democratic Republic of the",0,25,1,32,0.583680024015615
1981,"Ethiopia",18800,"Djibouti",11.5,43,8,38,0.509763085220673
1981,"Cambodia",6900,"Lao People's Democratic Republic",18,105,13,105,0.402348602284158
1981,"Viet Nam",1520,"Macao",22.1667,113.55,16,106,0.214636770003974
1981,"Viet Nam",25660,"Malaysia",2.5,112.5,16,106,0.540882112184784
1981,"Chad",15430,"Nigeria",10,8,15,19,0.489486660649182
1981,"Ethiopia",7620,"Sudan",15,30,8,38,0.41351488189591
1981,"Lao People's Democratic Republic",2940,"Thailand",15,100,18,105,0.300854203410172
1981,"Rwanda",7050,"Uganda",1,32,-2,30,0.404778674985246
1981,"Cambodia",3600,"Viet Nam",16,106,13,105,0.325897378303107
1982,"Chad",133080,"Cameroon",6,12,15,19,0.691133392883028
1982,"Angola",13200,"Congo, the Democratic Republic of the",0,25,-12.5,18.5,0.473168453912483
1982,"Uganda",110000,"Congo, the Democratic Republic of the",0,25,1,32,0.674858366894612
1982,"Lebanon",7240,"Cyprus",35,33,33.8333,35.8333,0.407775448780725
1982,"Syrian Arab Republic",6000,"Lebanon",33.8333,35.8333,35,38,0.386410799351411
1982,"Chad",20000,"Sudan",15,30,15,19,0.516030524453368
1982,"Uganda",16000,"Sudan",15,30,1,32,0.493240989287574
1982,"Lebanon",2500,"Syrian Arab Republic",35,38,33.8333,35.8333,0.280345364762601
1982,"Lao People's Democratic Republic",1070,"Thailand",15,100,18,105,0.165535221698957
1983,"Congo, the Democratic Republic of the",2600,"Angola",-12.5,18.5,0,25,0.285345685153533
1983,"Congo, the Democratic Republic of the",2060,"Burundi",-3.5,30,0,25,0.255291848490221
1983,"Uganda",3110,"Congo, the Democratic Republic of the",0,25,1,32,0.307868362560954
1983,"Ethiopia",5140,"Djibouti",11.5,43,8,38,0.368467440298403
1983,"Cambodia",2240,"Lao People's Democratic Republic",18,105,13,105,0.266210374982292
1983,"Uganda",3000,"Rwanda",-2,30,1,32,0.303380722353329
1984,"Congo, the Democratic Republic of the",6870,"Angola",-12.5,18.5,0,25,0.401855532563923
1984,"Chad",5000,"Cameroon",6,12,15,19,0.365230400251736
1984,"Angola",1340,"Congo, the Democratic Republic of the",0,25,-12.5,18.5,0.197283588504048
1984,"Uganda",14790,"Congo, the Democratic Republic of the",0,25,1,32,0.485084400208713
1984,"Ethiopia",14260,"Djibouti",11.5,43,8,38,0.481276495197668
1984,"El Salvador",2260,"Honduras",15,-86.5,13.8333,-88.9167,0.267361990730759
1984,"Afghanistan",1220,"India",20,77,33,65,0.184168344702121
1984,"Ethiopia",242140,"Rwanda",-2,30,8,38,0.740619947311872
1984,"Ethiopia",30000,"Saudi Arabia",25,45,8,38,0.556156259376425
1984,"Uganda",36710,"Sudan",15,30,1,32,0.575547277183428
1985,"Uruguay",1220,"Argentina",-34,-64,-33,-56,0.184168344702121
1985,"Rwanda",2430,"Burundi",-3.5,30,-2,30,0.276708992826313
1985,"Chad",26470,"Central African Republic",7,21,15,19,0.543938562271048
1985,"Uganda",20040,"Congo, the Democratic Republic of the",0,25,1,32,0.516232251484707
1985,"Afghanistan",1150,"India",20,77,33,65,0.175818938929599
1985,"Iran, Islamic Republic of",2450,"Pakistan",30,70,32,53,0.277759894880508
1985,"Uganda",28500,"Rwanda",-2,30,1,32,0.551168233086996
1985,"Congo, the Democratic Republic of the",2410,"Sudan",15,30,0,25,0.275648286225996
1985,"Ethiopia",115520,"Sudan",15,30,8,38,0.679067476458636
1985,"Chad",62980,"Sudan",15,30,15,19,0.625625787406949
1985,"Uganda",6260,"Sudan",15,30,1,32,0.391275165446471
1985,"Viet Nam",2110,"Thailand",15,100,16,106,0.258429844463195
1985,"Uganda",1310,"Tanzania, United Republic of",-6,35,1,32,0.194134030985483
1986,"Chad",15220,"Central African Republic",7,21,15,19,0.488064744359417
1986,"Uganda",2770,"Congo, the Democratic Republic of the",0,25,1,32,0.293368071350595
1986,"Haiti",1020,"Dominican Republic",19,-70.6667,19,-72.4167,0.158650907934064
1986,"Afghanistan",1170,"India",20,77,33,65,0.178262458983918
1986,"Uganda",1450,"Kenya",1,38,1,32,0.208180842581255
1986,"Indonesia",1130,"Papua New Guinea",-6,147,-5,120,0.173326403887025
1986,"Ethiopia",109000,"Sudan",15,30,8,38,0.674071332748989
1986,"Chad",28000,"Sudan",15,30,15,19,0.549441244077758
1986,"Uganda",52800,"Sudan",15,30,1,32,0.609542674951444
1986,"Ethiopia",104430,"Somalia",10,49,8,38,0.670371894515827
1986,"Lao People's Democratic Republic",2870,"Thailand",15,100,18,105,0.297832229606121
1987,"Chad",7050,"Central African Republic",7,21,15,19,0.404778674985246
1987,"Uganda",15630,"Congo, the Democratic Republic of the",0,25,1,32,0.490821147882754
1987,"Ethiopia",3590,"Djibouti",11.5,43,8,38,0.325557627278325
1987,"Haiti",2070,"Dominican Republic",19,-70.6667,19,-72.4167,0.255926290929399
1987,"Nicaragua",6800,"Honduras",15,-86.5,13,-85,0.400695653882651
1987,"El Salvador",5610,"Honduras",15,-86.5,13.8333,-88.9167,0.378655227960167
1987,"Mozambique",42300,"Malawi",-13.5,34,-18.25,35,0.588942134702162
1987,"Chad",1270,"Nigeria",10,8,15,19,0.189804362655663
1987,"Indonesia",1330,"Papua New Guinea",-6,147,-5,120,0.196242737324555
1987,"Ethiopia",25610,"Sudan",15,30,8,38,0.54068998117167
1987,"Chad",1580,"Sudan",15,30,15,19,0.219907057959065
1987,"Uganda",68200,"Sudan",15,30,1,32,0.632805671861091
1987,"Ethiopia",30230,"Somalia",10,49,8,38,0.556896838916216
1987,"Lao People's Democratic Republic",2640,"Thailand",15,100,18,105,0.2872854221627
1987,"Mozambique",3310,"Zambia",-15,30,-18.25,35,0.315588119573593
1987,"Mozambique",11850,"Zimbabwe",-20,30,-18.25,35,0.461732178532211
1988,"Chad",1290,"Central African Republic",7,21,15,19,0.191988322237756
1988,"Chad",2820,"Cameroon",6,12,15,19,0.295622430308716
1988,"Uganda",1200,"Congo, the Democratic Republic of the",0,25,1,32,0.181839729003486
1988,"Ethiopia",5230,"Djibouti",11.5,43,8,38,0.370496811902996
1988,"Sudan",1320,"Ethiopia",8,38,15,30,0.195192933775972
1988,"Nicaragua",10070,"Honduras",15,-86.5,13,-85,0.444227438662319
1988,"El Salvador",2490,"Honduras",15,-86.5,13.8333,-88.9167,0.279832963846682
1988,"Iraq",44000,"Iran, Islamic Republic of",32,53,33,44,0.592634197398448
1988,"Guatemala",1900,"Mexico",23,-102,15.5,-90.25,0.244639347030529
1988,"Mozambique",4010,"Malawi",-13.5,34,-18.25,35,0.338982897639181
1988,"Burundi",53000,"Rwanda",-2,30,-3.5,30,0.609890290652163
1988,"Uganda",83500,"Sudan",15,30,1,32,0.650827247900725
1988,"Ethiopia",1850,"Somalia",10,49,8,38,0.241100692355191
1989,"Chad",2730,"Cameroon",6,12,15,19,0.291531335722397
1989,"Angola",5880,"Congo, the Democratic Republic of the",0,25,-12.5,18.5,0.384085818883717
1989,"Nicaragua",1050,"Costa Rica",10,-84,13,-85,0.162826558066119
1989,"Congo, the Democratic Republic of the",2860,"Algeria",28,3,0,25,0.297393754259384
1989,"Namibia",67860,"Algeria",28,3,-22,17,0.632356539951112
1989,"South Africa",7100,"Algeria",28,3,-29,24,0.405575935283188
1989,"Nicaragua",1750,"Honduras",15,-86.5,13,-85,0.233686556376736
1989,"El Salvador",2960,"Honduras",15,-86.5,13.8333,-88.9167,0.301702772278341
1989,"Guatemala",1210,"Mexico",23,-102,15.5,-90.25,0.183009525889517
1989,"Mozambique",3520,"Malawi",-13.5,34,-18.25,35,0.323149227891285
1989,"Ethiopia",1140,"Sudan",15,30,8,38,0.174578914137431
1989,"Uganda",18850,"Sudan",15,30,1,32,0.510032927770575
1989,"Ethiopia",4700,"Somalia",10,49,8,38,0.35793911872994
1989,"Lao People's Democratic Republic",1910,"Thailand",15,100,18,105,0.245334420330237
1989,"Namibia",3120,"Zambia",-15,30,-22,17,0.308267452864326
1990,"Chad",1330,"Central African Republic",7,21,15,19,0.196242737324555
1990,"Chad",2430,"Cameroon",6,12,15,19,0.276708992826313
1990,"Angola",7000,"Congo, the Democratic Republic of the",0,25,-12.5,18.5,0.403975097247826
1990,"Nicaragua",6760,"Costa Rica",10,-84,13,-85,0.400026882149159
1990,"Sudan",18440,"Ethiopia",8,38,15,30,0.507796571139637
1990,"Somalia",20190,"Ethiopia",8,38,10,49,0.516984799200372
1990,"Nicaragua",1180,"Guatemala",15.5,-90.25,13,-85,0.179466402029906
1990,"Viet Nam",5462,"Hong Kong",22.25,114.1667,16,106,0.375553254439179
1990,"Nicaragua",27420,"Honduras",15,-86.5,13,-85,0.547395019346775
1990,"El Salvador",7870,"Honduras",15,-86.5,13.8333,-88.9167,0.417119896787302
1990,"Afghanistan",2200,"India",20,77,33,65,0.263871894148621
1990,"Chad",1760,"Nigeria",10,8,15,19,0.234449321239325
1990,"China",1380,"Nepal",28,84,35,105,0.201360288225364
1990,"Afghanistan",19290,"Pakistan",30,70,33,65,0.512374078312094
1990,"Lao People's Democratic Republic",3090,"Thailand",15,100,18,105,0.30706583569279
1990,"Namibia",2770,"Zambia",-15,30,-22,17,0.293368071350595
1991,"South Africa",1850,"Angola",-12.5,18.5,-29,24,0.241100692355191
1991,"Chad",5450,"Cameroon",6,12,15,19,0.375297641457056
1991,"Angola",35210,"Congo, the Democratic Republic of the",0,25,-12.5,18.5,0.571570219195766
1991,"Nicaragua",5390,"Costa Rica",10,-84,13,-85,0.374010081939486
1991,"Ethiopia",2830,"Djibouti",11.5,43,8,38,0.296067900987789
1991,"Sudan",370000,"Ethiopia",8,38,15,30,0.774248148116722
1991,"Liberia",2030,"Ghana",8,-2,6.5,-9.5,0.253367415658584
1991,"Viet Nam",7666,"Hong Kong",22.25,114.1667,16,106,0.414187987071239
1991,"Serbia",7500,"Hungary",47,20,44,21,0.411737469150036
1991,"Viet Nam",1310,"Indonesia",-5,120,16,106,0.194134030985483
1991,"Afghanistan",3270,"India",20,77,33,65,0.314086851430552
1991,"Iraq",1333860,"Iran, Islamic Republic of",32,53,33,44,0.86957275267703
1991,"Guatemala",1350,"Mexico",23,-102,15.5,-90.25,0.198315630731007
1991,"Chad",2170,"Niger",16,8,15,19,0.262086281470387
1991,"El Salvador",1080,"Nicaragua",13,-85,13.8333,-88.9167,0.166867930473758
1991,"Afghanistan",175000,"Pakistan",30,70,33,65,0.714077107171107
1991,"Iraq",2700,"Saudi Arabia",25,45,33,44,0.290133777598696
1991,"Ethiopia",50950,"Sudan",15,30,8,38,0.60625739125949
1991,"Chad",48300,"Sudan",15,30,15,19,0.601317155033148
1991,"Mauritania",1400,"Senegal",14,-14,20,-12,0.203348498297081
1991,"Liberia",97800,"Sierra Leone",8.5,-11.5,6.5,-9.5,0.664679810791095
1991,"Lao People's Democratic Republic",2322,"Thailand",15,100,18,105,0.270860157269112
1991,"Viet Nam",2691,"Thailand",15,100,16,106,0.28971109642165
1991,"Burundi",5990,"Tanzania, United Republic of",-6,35,-3.5,30,0.386219039570869
1991,"South Africa",1890,"Zambia",-15,30,-29,24,0.243940118483083
1992,"Myanmar",8530,"Bangladesh",24,90,22,98,0.426056877048465
1992,"Lao People's Democratic Republic",1621,"China",35,105,18,105,0.223379334798935
1992,"Chad",3430,"Cameroon",6,12,15,19,0.319972494724767
1992,"Angola",83070,"Congo, the Democratic Republic of the",0,25,-12.5,18.5,0.650371555332722
1992,"Burundi",31770,"Congo, the Democratic Republic of the",0,25,-3.5,30,0.561701562857065
1992,"Nicaragua",1740,"Costa Rica",10,-84,13,-85,0.232918833074206
1992,"Haiti",2560,"Cuba",21.5,-80,19,-72.4167,0.283372015407164
1992,"Ethiopia",3180,"Djibouti",11.5,43,8,38,0.310632187575967
1992,"Haiti",1520,"Dominican Republic",19,-70.6667,19,-72.4167,0.214636770003974
1992,"Liberia",80460,"Guinea",11,-10,6.5,-9.5,0.647549335031697
1992,"Sierra Leone",3030,"Guinea",11,-10,8.5,-11.5,0.304622752867294
1992,"Suriname",4580,"French Guiana",4,-53,4,-56,0.354875585420923
1992,"Viet Nam",12333,"Hong Kong",22.25,114.1667,16,106,0.465982236028286
1992,"El Salvador",1500,"Honduras",15,-86.5,13.8333,-88.9167,0.21282727349384
1992,"Viet Nam",1002,"Indonesia",-5,120,16,106,0.156077483918712
1992,"Sri Lanka",29100,"India",20,77,7,81,0.553197249352477
1992,"Afghanistan",216600,"Iran, Islamic Republic of",32,53,33,65,0.731588294935216
1992,"Iran, Islamic Republic of",2600,"Iraq",33,44,32,53,0.285345685153533
1992,"Ethiopia",8400,"Kenya",1,38,8,38,0.424358709550559
1992,"Sudan",3500,"Kenya",1,38,15,30,0.322451228993788
1992,"Somalia",4430,"Kenya",1,38,10,49,0.350917397961851
1992,"Uganda",2290,"Kenya",1,38,1,32,0.269068005749204
1992,"Sierra Leone",9950,"Liberia",6.5,-9.5,8.5,-11.5,0.44292597972169
1992,"Guatemala",1820,"Mexico",23,-102,15.5,-90.25,0.238925089855952
1992,"China",2460,"Nepal",28,84,35,105,0.27828172272025
1992,"Afghanistan",1360000,"Pakistan",30,70,33,65,0.870947889616349
1992,"Serbia",3500,"Poland",52,20,44,21,0.322451228993788
1992,"Burundi",9680,"Rwanda",-2,30,-3.5,30,0.439932947745532
1992,"Eritrea",70000,"Sudan",15,30,15,39,0.635143476997225
1992,"Chad",5500,"Sudan",15,30,15,19,0.376358579087357
1992,"Uganda",2700,"Sudan",15,30,1,32,0.290133777598696
1992,"Bosnia and Herzegovina",10300,"Slovenia",46,15,44,18,0.446674525027069
1992,"Croatia",29360,"Slovenia",46,15,45.1667,15.5,0.554062277183645
1992,"Cambodia",7710,"Thailand",15,100,13,105,0.414827638056793
1992,"Lao People's Democratic Republic",3036,"Thailand",15,100,18,105,0.304869499064936
1992,"Viet Nam",2719,"Thailand",15,100,16,106,0.291020915475459
1992,"Iraq",17280,"Turkey",39,35,33,44,0.5011597909011
1992,"Burundi",6800,"Tanzania, United Republic of",-6,35,-3.5,30,0.400695653882651
1992,"Congo, the Democratic Republic of the",15000,"Uganda",1,32,0,25,0.486551700125871
1992,"Cambodia",1140,"Viet Nam",16,106,13,105,0.174578914137431
1992,"Angola",1650,"Zambia",-15,30,-12.5,18.5,0.225775666894551
1992,"South Africa",1260,"Zambia",-15,30,-29,24,0.188697631593128
1993,"Myanmar",46129,"Bangladesh",24,90,22,98,0.597043879541746
1993,"Liberia",9347,"Côte d'Ivoire",8,-5,6.5,-9.5,0.43611140757877
1993,"Angola",1003,"Congo, the Democratic Republic of the",0,25,-12.5,18.5,0.156221835573881
1993,"Burundi",1705,"Congo, the Democratic Republic of the",0,25,-3.5,30,0.230191856149204
1993,"Sudan",7276,"Congo, the Democratic Republic of the",0,25,15,30,0.408333394162627
1993,"Haiti",1586,"Cuba",21.5,-80,19,-72.4167,0.220421546561598
1993,"Liberia",6934,"Guinea",11,-10,6.5,-9.5,0.402904537981745
1993,"Sierra Leone",2889,"Guinea",11,-10,8.5,-11.5,0.298660614851932
1993,"Senegal",1098,"Guinea-Bissau",12,-15,14,-14,0.169231630548935
1993,"Viet Nam",12301,"Hong Kong",22.25,114.1667,16,106,0.465706398906522
1993,"Viet Nam",1434,"Indonesia",-5,120,16,106,0.206655386732269
1993,"Afghanistan",1853,"India",20,77,33,65,0.241316051449837
1993,"Ethiopia",42504,"Kenya",1,38,8,38,0.589393671698478
1993,"Somalia",66523,"Kenya",1,38,10,49,0.630566296132347
1993,"Uganda",1141,"Kenya",1,38,1,32,0.174703474562069
1993,"Guatemala",5061,"Mexico",23,-102,15.5,-90.25,0.366653117279479
1993,"Mozambique",345086,"Malawi",-13.5,34,-18.25,35,0.768796301054534
1993,"Viet Nam",1427,"Malaysia",2.5,112.5,16,106,0.205981900011424
1993,"Ethiopia",13800,"Sudan",15,30,8,38,0.477842577789604
1993,"Chad",5500,"Sudan",15,30,15,19,0.376358579087357
1993,"Mozambique",5329,"Swaziland",-26.5,31.5,-18.25,35,0.372684554918516
1993,"Cambodia",5217,"Thailand",15,100,13,105,0.370206100925631
1993,"Lao People's Democratic Republic",3925,"Thailand",15,100,18,105,0.336397170984904
1993,"Viet Nam",3499,"Thailand",15,100,16,106,0.32241621159607
1993,"Burundi",4644,"Tanzania, United Republic of",-6,35,-3.5,30,0.35652049090969
1993,"Mozambique",26800,"Tanzania, United Republic of",-6,35,-18.25,35,0.545154452234477
1993,"Mozambique",7894,"Zambia",-15,30,-18.25,35,0.417459263804859
1993,"Mozambique",9316,"Zimbabwe",-20,30,-18.25,35,0.435747986747286
1994,"Tajikistan",18325,"Afghanistan",33,65,39,71,0.507159451747601
1994,"Azerbaijan",29000,"Armenia",40,45,40.5,47.5,0.552862285793005
1994,"Rwanda",338000,"Burundi",-3.5,30,-2,30,0.767167897839132
1994,"Togo",92715,"Benin",9.5,2.25,8,1.1667,0.660022232079874
1994,"Myanmar",85300,"Bangladesh",24,90,22,98,0.652707467341795
1994,"Liberia",3023,"Côte d'Ivoire",8,-5,6.5,-9.5,0.304334186784701
1994,"Rwanda",450000,"Congo, the Democratic Republic of the",0,25,-2,30,0.789399966645363
1994,"Uganda",3430,"Congo, the Democratic Republic of the",0,25,1,32,0.319972494724767
1994,"Zambia",1573,"Congo, the Democratic Republic of the",0,25,-15,30,0.219304009308993
1994,"Ethiopia",9474,"Djibouti",11.5,43,8,38,0.437586426357159
1994,"Liberia",1069,"Ghana",8,-2,6.5,-9.5,0.165401168134082
1994,"Togo",33624,"Ghana",8,-2,8,1.1667,0.567158010502742
1994,"Viet Nam",5939,"Hong Kong",22.25,114.1667,16,106,0.385235480177443
1994,"Viet Nam",2028,"Indonesia",-5,120,16,106,0.253237977874551
1994,"Sri Lanka",8147,"India",20,77,7,81,0.420968508420937
1994,"Afghanistan",226669,"Iran, Islamic Republic of",32,53,33,65,0.73527992441811
1994,"Iraq",2290,"Iran, Islamic Republic of",32,53,33,44,0.269068005749204
1994,"Ethiopia",16230,"Kenya",1,38,8,38,0.494714299310509
1994,"Somalia",59418,"Kenya",1,38,10,49,0.620343354124779
1994,"Guatemala",6104,"Mexico",23,-102,15.5,-90.25,0.388384228250973
1994,"Mozambique",624467,"Malawi",-13.5,34,-18.25,35,0.814259388901768
1994,"Viet Nam",1267,"Malaysia",2.5,112.5,16,106,0.18947338938977
1994,"Afghanistan",102658,"Pakistan",30,70,33,65,0.668889876817617
1994,"Eritrea",8706,"Sudan",15,30,15,39,0.428310694148216
1994,"Ethiopia",13820,"Sudan",15,30,8,38,0.477994492580137
1994,"Mozambique",11602,"Swaziland",-26.5,31.5,-18.25,35,0.459474815647634
1994,"Lao People's Democratic Republic",5172,"Thailand",15,100,18,105,0.36919351024888
1994,"Viet Nam",2328,"Thailand",15,100,16,106,0.271193080588686
1994,"Iraq",1265,"Turkey",39,35,33,44,0.189252243841
1994,"Burundi",271087,"Tanzania, United Republic of",-6,35,-3.5,30,0.749687469720367
1994,"Mozambique",13971,"Tanzania, United Republic of",-6,35,-18.25,35,0.479133667274831
1994,"Rwanda",210000,"Tanzania, United Republic of",-6,35,-2,30,0.72906637359267
1994,"Rwanda",210000,"Uganda",1,32,-2,30,0.72906637359267
1994,"Mozambique",21000,"South Africa",-29,24,-18.25,35,0.520944992539199
1994,"Mozambique",102753,"Zimbabwe",-20,30,-18.25,35,0.668970033253062
1995,"Tajikistan",1338,"Afghanistan",33,65,39,71,0.197076127524782
1995,"Azerbaijan",39000,"Armenia",40,45,40.5,47.5,0.581287934269223
1995,"Georgia",4500,"Armenia",40,45,42,43.5,0.352782917820171
1995,"Congo, the Democratic Republic of the",1630,"Burundi",-3.5,30,0,25,0.224128198289717
1995,"Rwanda",39634,"Burundi",-3.5,30,-2,30,0.582812191181085
1995,"Togo",46654,"Benin",9.5,2.25,8,1.1667,0.598097113815623
1995,"Mali",4400,"Burkina Faso",13,-2,17,-4,0.350107766129601
1995,"Myanmar",61504,"Bangladesh",24,90,22,98,0.623477438485882
1995,"Chad",10232,"Central African Republic",7,21,15,19,0.44595739530617
1995,"Angola",9734,"Congo, the Democratic Republic of the",0,25,-12.5,18.5,0.440538900634191
1995,"Burundi",3301,"Congo, the Democratic Republic of the",0,25,-3.5,30,0.315252117895533
1995,"Rwanda",85988,"Congo, the Democratic Republic of the",0,25,-2,30,0.653414751669518
1995,"Uganda",3575,"Congo, the Democratic Republic of the",0,25,1,32,0.325046004401539
1995,"Ethiopia",23936,"Djibouti",11.5,43,8,38,0.534008162385683
1995,"Mali",21900,"Algeria",28,3,17,-4,0.525152670047382
1995,"Togo",32185,"Ghana",8,-2,8,1.1667,0.562952729418658
1995,"Liberia",6485,"Guinea",11,-10,6.5,-9.5,0.395306367285177
1995,"Viet Nam",1673,"Hong Kong",22.25,114.1667,16,106,0.227642463127923
1995,"Viet Nam",2121,"Indonesia",-5,120,16,106,0.259108922304723
1995,"Sri Lanka",10122,"India",20,77,7,81,0.444786074989498
1995,"Afghanistan",194287,"Iran, Islamic Republic of",32,53,33,65,0.722700010559505
1995,"Iraq",17466,"Iran, Islamic Republic of",32,53,33,44,0.502256456526279
1995,"Ethiopia",3323,"Kenya",1,38,8,38,0.316071647738233
1995,"Somalia",39821,"Kenya",1,38,10,49,0.583256682802449
1995,"Guatemala",9506,"Mexico",23,-102,15.5,-90.25,0.437954626455519
1995,"Mali",4600,"Mauritania",20,-12,17,-4,0.355392366156305
1995,"Viet Nam",1400,"Malaysia",2.5,112.5,16,106,0.203348498297081
1995,"Afghanistan",153274,"Pakistan",30,70,33,65,0.703036189293367
1995,"Burundi",1402,"Rwanda",-2,30,-3.5,30,0.203545539506712
1995,"Eritrea",21000,"Sudan",15,30,15,39,0.520944992539199
1995,"Ethiopia",7397,"Sudan",15,30,8,38,0.410186447649406
1995,"Mali",1200,"Senegal",14,-14,17,-4,0.181839729003486
1995,"Liberia",2564,"Sierra Leone",8.5,-11.5,6.5,-9.5,0.283570941569223
1995,"Lao People's Democratic Republic",2466,"Thailand",15,100,18,105,0.278593672113473
1995,"Myanmar",4500,"Thailand",15,100,22,98,0.352782917820171
1995,"Burundi",1137,"Tanzania, United Republic of",-6,35,-3.5,30,0.174204482820504
1995,"Rwanda",13060,"Tanzania, United Republic of",-6,35,-2,30,0.47204400903028
1995,"Rwanda",99753,"Uganda",1,32,-2,30,0.666399079052077
1995,"Somalia",3153,"Yemen",15,48,10,49,0.309574318795853
1995,"Mozambique",20701,"South Africa",-29,24,-18.25,35,0.519503034076496
1995,"Angola",3242,"Zambia",-15,30,-12.5,18.5,0.313023634145202
1995,"Mozambique",25633,"Zimbabwe",-20,30,-18.25,35,0.540778412568418
1996,"Tajikistan",1383,"Afghanistan",33,65,39,71,0.201660603007152
1996,"Bosnia and Herzegovina",4000,"Austria",47.3333,13.3333,44,18,0.338681898182223
1996,"Rwanda",127473,"Burundi",-3.5,30,-2,30,0.687478365839623
1996,"Togo",15765,"Benin",9.5,2.25,8,1.1667,0.491711317514945
1996,"Myanmar",23046,"Bangladesh",24,90,22,98,0.53024318816
1996,"Bosnia and Herzegovina",1800,"Switzerland",47,8,44,18,0.237451987644211
1996,"Burundi",105653,"Congo, the Democratic Republic of the",0,25,-3.5,30,0.671378905006711
1996,"Rwanda",776521,"Congo, the Democratic Republic of the",0,25,-2,30,0.830458004948929
1996,"Bosnia and Herzegovina",30000,"Germany",51,9,44,18,0.556156259376425
1996,"Ethiopia",4200,"Djibouti",11.5,43,8,38,0.344547213835785
1996,"Mali",2209,"Algeria",28,3,17,-4,0.26440221754547
1996,"Togo",50521,"Ghana",8,-2,8,1.1667,0.605476942839315
1996,"Viet Nam",14622,"Hong Kong",22.25,114.1667,16,106,0.483893899927154
1996,"Bosnia and Herzegovina",22861,"Croatia",45.1667,15.5,44,18,0.529440514877494
1996,"Serbia",3566,"Hungary",47,20,44,21,0.324737872990114
1996,"Viet Nam",4500,"Indonesia",-5,120,16,106,0.352782917820171
1996,"Afghanistan",1766,"India",20,77,33,65,0.234904625262865
1996,"Afghanistan",14537,"Iran, Islamic Republic of",32,53,33,65,0.483285795499185
1996,"Iraq",81230,"Iran, Islamic Republic of",32,53,33,44,0.648392187868958
1996,"Iran, Islamic Republic of",3420,"Iraq",33,44,32,53,0.319613757545044
1996,"Somalia",1010,"Kenya",1,38,10,49,0.157227706693505
1996,"Eritrea",1323,"Libyan Arab Jamahiriya",25,17,15,39,0.19550882351026
1996,"Guatemala",4424,"Mexico",23,-102,15.5,-90.25,0.350755963440958
1996,"Bosnia and Herzegovina",1211,"Macedonia, the former Yugoslav Republic of",41.8333,22,44,18,0.183125898555219
1996,"Mali",18515,"Mauritania",20,-12,17,-4,0.508209729675586
1996,"Afghanistan",140390,"Pakistan",30,70,33,65,0.695655329659184
1996,"Ethiopia",22981,"Sudan",15,30,8,38,0.529961977750197
1996,"Mauritania",1455,"Senegal",14,-14,20,-12,0.208653624526079
1996,"Bosnia and Herzegovina",1674,"Slovenia",46,15,44,18,0.227722966486363
1996,"Viet Nam",4698,"Thailand",15,100,16,106,0.357888779617585
1996,"Afghanistan",1750,"Turkmenistan",40,60,33,65,0.233686556376736
1996,"Tajikistan",5330,"Turkmenistan",40,60,39,71,0.372706421202798
1996,"Bosnia and Herzegovina",1672,"Turkey",39,35,44,18,0.227561905148806
1996,"Burundi",2308,"Tanzania, United Republic of",-6,35,-3.5,30,0.270079544163323
1996,"Mozambique",1500,"Tanzania, United Republic of",-6,35,-18.25,35,0.21282727349384
1996,"Rwanda",506073,"Tanzania, United Republic of",-6,35,-2,30,0.798381050549039
1997,"Tajikistan",10257,"Afghanistan",33,65,39,71,0.44622165826023
1997,"Bosnia and Herzegovina",4000,"Austria",47.3333,13.3333,44,18,0.338681898182223
1997,"Rwanda",3567,"Burundi",-3.5,30,-2,30,0.324772152887527
1997,"Togo",3370,"Benin",9.5,2.25,8,1.1667,0.317802225822826
1997,"Mali",17300,"Burkina Faso",13,-2,17,-4,0.501278334859908
1997,"Myanmar",10070,"Bangladesh",24,90,22,98,0.444227438662319
1997,"Congo, the Democratic Republic of the",1785,"Central African Republic",7,21,0,25,0.236334933734518
1997,"Chad",1500,"Central African Republic",7,21,15,19,0.21282727349384
1997,"Bosnia and Herzegovina",3921,"Switzerland",47,8,44,18,0.336273947328241
1997,"Angola",28835,"Congo, the Democratic Republic of the",0,25,-12.5,18.5,0.552306815291139
1997,"Burundi",24511,"Congo, the Democratic Republic of the",0,25,-3.5,30,0.536359661794524
1997,"Congo",11800,"Congo, the Democratic Republic of the",0,25,-1,15,0.461281298795795
1997,"Rwanda",178429,"Congo, the Democratic Republic of the",0,25,-2,30,0.715683165929955
1997,"Rwanda",1500,"Congo",-1,15,-2,30,0.21282727349384
1997,"Bosnia and Herzegovina",95929,"Germany",51,9,44,18,0.662997360610645
1997,"Mali",2400,"Algeria",28,3,17,-4,0.275114201652015
1997,"Somalia",50000,"Ethiopia",8,38,10,49,0.604519333248131
1997,"Rwanda",2000,"Gabon",-1,11.75,-2,30,0.251410536233494
1997,"Togo",8988,"Ghana",8,-2,8,1.1667,0.431818503655161
1997,"Liberia",12994,"Guinea",11,-10,6.5,-9.5,0.471509282783955
1997,"Viet Nam",4512,"Hong Kong",22.25,114.1667,16,106,0.353099459535928
1997,"Bosnia and Herzegovina",5201,"Croatia",45.1667,15.5,44,18,0.369847190161722
1997,"Serbia",1200,"Hungary",47,20,44,21,0.181839729003486
1997,"Bangladesh",16539,"India",20,77,24,90,0.496657803241843
1997,"Afghanistan",2000,"Iran, Islamic Republic of",32,53,33,65,0.251410536233494
1997,"Iraq",10438,"Iran, Islamic Republic of",32,53,33,44,0.448113882941573
1997,"Turkey",1171,"Iraq",33,44,39,35,0.178383380893588
1997,"Ethiopia",2417,"Kenya",1,38,8,38,0.276020659667416
1997,"Uganda",1140,"Kenya",1,38,1,32,0.174578914137431
1997,"Sierra Leone",1800,"Liberia",6.5,-9.5,8.5,-11.5,0.237451987644211
1997,"Somalia",1023,"Libyan Arab Jamahiriya",25,17,10,49,0.159074756765749
1997,"Guatemala",3535,"Mexico",23,-102,15.5,-90.25,0.323669812070317
1997,"Mauritania",5660,"Mali",17,-4,20,-12,0.379682602965706
1997,"Mali",13845,"Mauritania",20,-12,17,-4,0.478184044839475
1997,"Afghanistan",84500,"Pakistan",30,70,33,65,0.651877196881856
1997,"Burundi",5600,"Rwanda",-2,30,-3.5,30,0.37844852697088
1997,"Ethiopia",7300,"Sudan",15,30,8,38,0.408703654315499
1997,"Mauritania",5032,"Senegal",14,-14,20,-12,0.365979146788823
1997,"Croatia",6155,"Serbia",44,21,45.1667,15.5,0.389338316089869
1997,"Bosnia and Herzegovina",2100,"Slovenia",46,15,44,18,0.257809018438429
1997,"Cambodia",3368,"Thailand",15,100,13,105,0.317729137808269
1997,"Tajikistan",2000,"Turkmenistan",40,60,39,71,0.251410536233494
1997,"Burundi",60700,"Tanzania, United Republic of",-6,35,-3.5,30,0.622283410842886
1997,"Congo, the Democratic Republic of the",24400,"Tanzania, United Republic of",-6,35,0,25,0.53591047423288
1997,"Rwanda",25669,"Tanzania, United Republic of",-6,35,-2,30,0.540916652089763
1997,"Congo, the Democratic Republic of the",14130,"Uganda",1,32,0,25,0.480318586085176
1997,"Rwanda",8813,"Uganda",1,32,-2,30,0.429656324289809
1997,"Sudan",63310,"Uganda",1,32,15,30,0.626098599427013
1997,"Angola",24762,"Zambia",-15,30,-12.5,18.5,0.537367202667509
1997,"Congo, the Democratic Republic of the",4800,"Zambia",-15,30,0,25,0.360425984637693
1998,"Kazakhstan",1057,"Afghanistan",33,65,48,68,0.163781251962024
1998,"Congo, the Democratic Republic of the",3609,"Burundi",-3.5,30,0,25,0.326202250006738
1998,"Rwanda",1534,"Burundi",-3.5,30,-2,30,0.215887391611333
1998,"Mali",1664,"Burkina Faso",13,-2,17,-4,0.226915466509396
1998,"Bosnia and Herzegovina",4821,"Switzerland",47,8,44,18,0.360940866968379
1998,"Liberia",100563,"Côte d'Ivoire",8,-5,6.5,-9.5,0.667101434289282
1998,"Angola",15597,"Congo, the Democratic Republic of the",0,25,-12.5,18.5,0.490602260112605
1998,"Burundi",8024,"Congo, the Democratic Republic of the",0,25,-3.5,30,0.419277793299905
1998,"Congo",25000,"Congo, the Democratic Republic of the",0,25,-1,15,0.538312248008713
1998,"Rwanda",2419,"Congo, the Democratic Republic of the",0,25,-2,30,0.276126828604452
1998,"Angola",1045,"Congo",-1,15,-12.5,18.5,0.162140166070373
1998,"Bosnia and Herzegovina",98050,"Germany",51,9,44,18,0.664901964055143
1998,"Ethiopia",1031,"Djibouti",11.5,43,8,38,0.160198102771059
1998,"Mali",20839,"Algeria",28,3,17,-4,0.520171382299454
1998,"Niger",3830,"Algeria",28,3,16,8,0.333431910312037
1998,"Somalia",47881,"Ethiopia",8,38,10,49,0.600508980267716
1998,"Liberia",2515,"Ghana",8,-2,6.5,-9.5,0.281109647840993
1998,"Liberia",135786,"Guinea",11,-10,6.5,-9.5,0.692838030181488
1998,"Sierra Leone",115000,"Guinea",11,-10,8.5,-11.5,0.678680383465763
1998,"Bosnia and Herzegovina",2921,"Croatia",45.1667,15.5,44,18,0.300042024934279
1998,"Bangladesh",13420,"India",20,77,24,90,0.474909070384359
1998,"Afghanistan",14000,"Iran, Islamic Republic of",32,53,33,65,0.479350891835111
1998,"Iraq",12016,"Iran, Islamic Republic of",32,53,33,44,0.46321414002634
1998,"Kazakhstan",3585,"Iran, Islamic Republic of",32,53,48,68,0.325387353290624
1998,"Ethiopia",3311,"Kenya",1,38,8,38,0.31562538972768
1998,"Somalia",1570,"Kenya",1,38,10,49,0.219044626103819
1998,"Tajikistan",1140,"Kyrgyzstan",41,75,39,71,0.174578914137431
1998,"Sierra Leone",78773,"Liberia",6.5,-9.5,8.5,-11.5,0.645671619174469
1998,"Guatemala",3889,"Mexico",23,-102,15.5,-90.25,0.335283056858907
1998,"Mali",3712,"Niger",16,8,17,-4,0.329631773311729
1998,"Afghanistan",93000,"Pakistan",30,70,33,65,0.66029054833531
1998,"Georgia",1495,"Russian Federation",60,100,42,43.5,0.212370612335003
1998,"Eritrea",5063,"Sudan",15,30,15,39,0.366699438865981
1998,"Ethiopia",8406,"Sudan",15,30,8,38,0.424437727207922
1998,"Mauritania",6000,"Senegal",14,-14,20,-12,0.386410799351411
1998,"Bosnia and Herzegovina",20047,"Serbia",44,21,44,18,0.516267508135908
1998,"Croatia",19822,"Serbia",44,21,45.1667,15.5,0.515127420477838
1998,"Ghana",1077,"Togo",8,1.1667,8,-2,0.166469604060476
1998,"Cambodia",7143,"Thailand",15,100,13,105,0.406256598281507
1998,"Kazakhstan",9620,"Tajikistan",39,71,48,68,0.439255254613115
1998,"Kyrgyzstan",1150,"Tajikistan",39,71,41,75,0.175818938929599
1998,"Tajikistan",2490,"Turkmenistan",40,60,39,71,0.279832963846682
1998,"Kazakhstan",1107,"Turkey",39,35,48,68,0.170396931075189
1998,"Burundi",14763,"Tanzania, United Republic of",-6,35,-3.5,30,0.4848940798688
1998,"Congo, the Democratic Republic of the",52700,"Tanzania, United Republic of",-6,35,0,25,0.609368327519986
1998,"Rwanda",2558,"Tanzania, United Republic of",-6,35,-2,30,0.283272420872919
1998,"Congo, the Democratic Republic of the",9545,"Uganda",1,32,0,25,0.438401515964578
1998,"Rwanda",4358,"Uganda",1,32,-2,30,0.348963841978525
1998,"Somalia",1659,"Yemen",15,48,10,49,0.226509648776891
1998,"Angola",5137,"Zambia",-15,30,-12.5,18.5,0.368399112501743
1999,"Serbia",435790,"Albania",41,20,44,21,0.786931908531383
1999,"Serbia",3449,"Australia",-27,133,44,21,0.320650871289005
1999,"Serbia",3467,"Austria",47.3333,13.3333,44,21,0.321289684542725
1999,"Congo, the Democratic Republic of the",3621,"Burundi",-3.5,30,0,25,0.32660742120935
1999,"Serbia",1070,"Belgium",50.8333,4,44,21,0.165535221698957
1999,"Myanmar",1128,"Bangladesh",24,90,22,98,0.173074382591166
1999,"Croatia",1078,"Bosnia and Herzegovina",44,18,45.1667,15.5,0.166602520319185
1999,"Serbia",45700,"Bosnia and Herzegovina",44,18,44,21,0.596173461720399
1999,"Namibia",1381,"Botswana",-22,24,-22,17,0.201460475656126
1999,"Congo, the Democratic Republic of the",1425,"Central African Republic",7,21,0,25,0.205788784694232
1999,"Serbia",1787,"Canada",60,-95,44,21,0.236484487792781
1999,"Serbia",15817,"Switzerland",47,8,44,21,0.492051955965832
1999,"Liberia",31633,"Côte d'Ivoire",8,-5,6.5,-9.5,0.561284588706406
1999,"Angola",19205,"Congo, the Democratic Republic of the",0,25,-12.5,18.5,0.511926424465419
1999,"Congo",52240,"Congo, the Democratic Republic of the",0,25,-1,15,0.608561649074981
1999,"Rwanda",35996,"Congo, the Democratic Republic of the",0,25,-2,30,0.573676844616415
1999,"Bosnia and Herzegovina",23500,"Germany",51,9,44,18,0.532183337894027
1999,"Serbia",18283,"Germany",51,9,44,21,0.50692566562038
1999,"Serbia",1262,"Denmark",56,10,44,21,0.188919777067475
1999,"Serbia",1029,"Spain",40,-4,44,21,0.159918203619202
1999,"Somalia",22990,"Ethiopia",8,38,10,49,0.530000966703828
1999,"Serbia",2566,"France",46,2,44,21,0.28367027348976
1999,"Serbia",1428,"United Kingdom",54,-2,44,21,0.206078342232832
1999,"Liberia",71008,"Guinea",11,-10,6.5,-9.5,0.636424207573374
1999,"Bosnia and Herzegovina",1900,"Croatia",45.1667,15.5,44,18,0.244639347030529
1999,"Timor-Leste",127528,"Indonesia",-5,120,-8.55,125.5167,0.687515059904865
1999,"Afghanistan",161094,"Iran, Islamic Republic of",32,53,33,65,0.707195112661907
1999,"Iraq",20593,"Iran, Islamic Republic of",32,53,33,44,0.518976549254047
1999,"Serbia",3870,"Italy",42.8333,12.8333,44,21,0.334690381499109
1999,"Ethiopia",1466,"Kenya",1,38,8,38,0.209687272446347
1999,"Tajikistan",1862,"Kyrgyzstan",41,75,39,71,0.241959766358841
1999,"Sierra Leone",3500,"Liberia",6.5,-9.5,8.5,-11.5,0.322451228993788
1999,"Guatemala",1999,"Mexico",23,-102,15.5,-90.25,0.251344735955342
1999,"Serbia",233400,"Macedonia, the former Yugoslav Republic of",41.8333,22,44,21,0.737650183631319
1999,"Mali",5000,"Niger",16,8,17,-4,0.365230400251736
1999,"Chad",1168,"Niger",16,8,15,19,0.178020260829761
1999,"Serbia",2687,"Netherlands",52.5,5.75,44,21,0.289522726615344
1999,"Serbia",3660,"Norway",62,10,44,21,0.327913896634824
1999,"Afghanistan",91834,"Pakistan",30,70,33,65,0.659187098633613
1999,"Serbia",1016,"Portugal",39.5,-8,44,21,0.158083551738907
1999,"Congo, the Democratic Republic of the",12000,"Rwanda",-2,30,0,25,0.463072289851989
1999,"Eritrea",1219,"Sudan",15,30,15,39,0.184052951286076
1999,"Guinea-Bissau",4164,"Senegal",14,-14,12,-15,0.343514853275546
1999,"Liberia",1129,"Sierra Leone",8.5,-11.5,6.5,-9.5,0.173200456984753
1999,"Bosnia and Herzegovina",3700,"Serbia",44,21,44,18,0.329237746696064
1999,"Croatia",9500,"Serbia",44,21,45.1667,15.5,0.437885693757731
1999,"Serbia",2843,"Slovenia",46,15,44,21,0.296644370751712
1999,"Serbia",1556,"Sweden",62,15,44,21,0.217826681362527
1999,"Cambodia",36164,"Thailand",15,100,13,105,0.574120579467159
1999,"Lao People's Democratic Republic",1185,"Thailand",15,100,18,105,0.180064014301379
1999,"Tajikistan",2261,"Turkmenistan",40,60,39,71,0.267419269050542
1999,"Serbia",18950,"Turkey",39,35,44,21,0.510570255294915
1999,"Burundi",11317,"Tanzania, United Republic of",-6,35,-3.5,30,0.456813766097529
1999,"Rwanda",1048,"Tanzania, United Republic of",-6,35,-2,30,0.162552450809641
1999,"Serbia",2905,"United States",38,-97,44,21,0.29935346055103
1999,"Somalia",1856,"Yemen",15,48,10,49,0.241531015903679
2000,"Serbia",1355,"Austria",47.3333,13.3333,44,21,0.198828392386164
2000,"Serbia",2926,"Belgium",50.8333,4,44,21,0.300256331229515
2000,"Myanmar",1323,"Bangladesh",24,90,22,98,0.19550882351026
2000,"Croatia",1545,"Bosnia and Herzegovina",44,18,45.1667,15.5,0.216860958424809
2000,"Serbia",7503,"Bosnia and Herzegovina",44,18,44,21,0.411782288871449
2000,"Serbia",26767,"Switzerland",47,8,44,21,0.545033605091872
2000,"Liberia",28284,"Côte d'Ivoire",8,-5,6.5,-9.5,0.55042628642004
2000,"Chad",2284,"Cameroon",6,12,15,19,0.268728829617304
2000,"Angola",7175,"Congo, the Democratic Republic of the",0,25,-12.5,18.5,0.406760185886485
2000,"Congo",5520,"Congo, the Democratic Republic of the",0,25,-1,15,0.376779943610553
2000,"Rwanda",23340,"Congo, the Democratic Republic of the",0,25,-2,30,0.531504323499526
2000,"Angola",1263,"Congo",-1,15,-12.5,18.5,0.1890306993459
2000,"Bosnia and Herzegovina",6920,"Germany",51,9,44,18,0.402675991544915
2000,"Serbia",62425,"Germany",51,9,44,21,0.624824478123541
2000,"Ethiopia",1707,"Djibouti",11.5,43,8,38,0.230349387431058
2000,"Somalia",1139,"Djibouti",11.5,43,10,49,0.174454228863639
2000,"Serbia",1026,"Denmark",56,10,44,21,0.159497185673166
2000,"Kenya",4855,"Ethiopia",8,38,1,38,0.361769193136622
2000,"Somalia",43467,"Ethiopia",8,38,10,49,0.591493660663799
2000,"Serbia",1685,"United Kingdom",54,-2,44,21,0.22860491843358
2000,"Liberia",14051,"Guinea",11,-10,6.5,-9.5,0.479731704347043
2000,"Sierra Leone",33400,"Guinea",11,-10,8.5,-11.5,0.566516511426797
2000,"Bosnia and Herzegovina",2988,"Croatia",45.1667,15.5,44,18,0.302879992788415
2000,"Timor-Leste",47813,"Indonesia",-5,120,-8.55,125.5167,0.600377091981604
2000,"Afghanistan",215566,"Iran, Islamic Republic of",32,53,33,65,0.731198728396269
2000,"Iraq",3637,"Iran, Islamic Republic of",32,53,33,44,0.327145312063097
2000,"Lebanon",1568,"Israel",31.5,34.75,33.8333,35.8333,0.21887139099841
2000,"Sierra Leone",7500,"Liberia",6.5,-9.5,8.5,-11.5,0.411737469150036
2000,"Serbia",12109,"Macedonia, the former Yugoslav Republic of",41.8333,22,44,21,0.46403452806664
2000,"Serbia",1767,"Norway",62,10,44,21,0.234980338740671
2000,"Afghanistan",76773,"Pakistan",30,70,33,65,0.643387965185453
2000,"Congo, the Democratic Republic of the",7000,"Rwanda",-2,30,0,25,0.403975097247826
2000,"Eritrea",51000,"Sudan",15,30,15,39,0.606347885296652
2000,"Ethiopia",1189,"Sudan",15,30,8,38,0.180540035785358
2000,"Bosnia and Herzegovina",5488,"Serbia",44,21,44,18,0.376104938684177
2000,"Croatia",15938,"Serbia",44,21,45.1667,15.5,0.492839835561948
2000,"Serbia",1319,"Sweden",62,15,44,21,0.195087455416738
2000,"Burundi",6547,"Tanzania, United Republic of",-6,35,-3.5,30,0.396389845716103
2000,"Rwanda",2176,"Tanzania, United Republic of",-6,35,-2,30,0.262445626953413
2000,"Congo, the Democratic Republic of the",5800,"Zambia",-15,30,0,25,0.382506239033248
2001,"Macedonia, the former Yugoslav Republic of",4600,"Albania",41,20,41.8333,22,0.355392366156305
2001,"Croatia",1270,"Bosnia and Herzegovina",44,18,45.1667,15.5,0.189804362655663
2001,"Serbia",5485,"Bosnia and Herzegovina",44,18,44,21,0.376041431856093
2001,"Serbia",1360,"Switzerland",47,8,44,21,0.199339004072159
2001,"Liberia",2041,"Côte d'Ivoire",8,-5,6.5,-9.5,0.254076754226896
2001,"Chad",3056,"Cameroon",6,12,15,19,0.30568804264835
2001,"Angola",10655,"Congo, the Democratic Republic of the",0,25,-12.5,18.5,0.45033510480881
2001,"Rwanda",16778,"Congo, the Democratic Republic of the",0,25,-2,30,0.498133762003707
2001,"Angola",2360,"Congo",-1,15,-12.5,18.5,0.272952463647378
2001,"Bosnia and Herzegovina",1450,"Germany",51,9,44,18,0.208180842581255
2001,"Serbia",9257,"Germany",51,9,44,21,0.435052593440155
2001,"Somalia",50216,"Ethiopia",8,38,10,49,0.604917662769507
2001,"Sierra Leone",77298,"Guinea",11,-10,8.5,-11.5,0.643993640338151
2001,"Senegal",2000,"Gambia",13.4667,-16.5667,14,-14,0.251410536233494
2001,"Bosnia and Herzegovina",3398,"Croatia",45.1667,15.5,44,18,0.318820372491105
2001,"Timor-Leste",18183,"Indonesia",-5,120,-8.55,125.5167,0.506366641725925
2001,"Afghanistan",18000,"Iran, Islamic Republic of",32,53,33,65,0.505334800039345
2001,"Iraq",1727,"Iran, Islamic Republic of",32,53,33,44,0.231913278694276
2001,"Tanzania, United Republic of",2000,"Kenya",1,38,-6,35,0.251410536233494
2001,"Tajikistan",1190,"Kyrgyzstan",41,75,39,71,0.180658755626597
2001,"Sierra Leone",15015,"Liberia",6.5,-9.5,8.5,-11.5,0.486655638209163
2001,"Serbia",4465,"Macedonia, the former Yugoslav Republic of",41.8333,22,44,21,0.351854248775177
2001,"Serbia",1519,"Norway",62,10,44,21,0.214546939403661
2001,"Afghanistan",8000,"Pakistan",30,70,33,65,0.418944540347268
2001,"Eritrea",32741,"Sudan",15,30,15,39,0.564601546418455
2001,"Ethiopia",9321,"Sudan",15,30,8,38,0.435806693675938
2001,"Bosnia and Herzegovina",7781,"Serbia",44,21,44,18,0.415851292377519
2001,"Croatia",10597,"Serbia",44,21,45.1667,15.5,0.449746355924229
2001,"Macedonia, the former Yugoslav Republic of",82000,"Serbia",44,21,41.8333,22,0.649226388865852
2001,"Sudan",4936,"Chad",15,19,15,30,0.363716711628838
2001,"Burundi",27624,"Tanzania, United Republic of",-6,35,-3.5,30,0.548120098000743
2001,"Rwanda",4687,"Tanzania, United Republic of",-6,35,-2,30,0.357611485445486
2002,"Croatia",2979,"Bosnia and Herzegovina",44,18,45.1667,15.5,0.302502958710278
2002,"Namibia",1010,"Botswana",-22,24,-22,17,0.157227706693505
2002,"Congo, the Democratic Republic of the",1300,"Central African Republic",7,21,0,25,0.193065878513337
2002,"Serbia",1442,"Switzerland",47,8,44,21,0.20742052129202
2002,"Liberia",21900,"Côte d'Ivoire",8,-5,6.5,-9.5,0.525152670047382
2002,"Angola",32663,"Congo, the Democratic Republic of the",0,25,-12.5,18.5,0.56437209643486
2002,"Burundi",2142,"Congo, the Democratic Republic of the",0,25,-3.5,30,0.260394356315102
2002,"Rwanda",14266,"Congo, the Democratic Republic of the",0,25,-2,30,0.481320473265813
2002,"Bosnia and Herzegovina",2183,"Germany",51,9,44,18,0.262863450748226
2002,"Serbia",5290,"Germany",51,9,44,21,0.371828177741155
2002,"Somalia",2119,"Djibouti",11.5,43,10,49,0.258985750193016
2002,"Somalia",29633,"Ethiopia",8,38,10,49,0.554961556965858
2002,"Serbia",1771,"United Kingdom",54,-2,44,21,0.235282707604455
2002,"Sierra Leone",40837,"Guinea",11,-10,8.5,-11.5,0.585632423997903
2002,"Bosnia and Herzegovina",4435,"Croatia",45.1667,15.5,44,18,0.351051739925953
2002,"Timor-Leste",31882,"Indonesia",-5,120,-8.55,125.5167,0.562040984761433
2002,"Sri Lanka",1427,"India",20,77,7,81,0.205981900011424
2002,"Afghanistan",376247,"Iran, Islamic Republic of",32,53,33,65,0.775553161568764
2002,"Iraq",1142,"Iran, Islamic Republic of",32,53,33,44,0.174827910373753
2002,"Iran, Islamic Republic of",1173,"Iraq",33,44,32,53,0.178624871465775
2002,"Sierra Leone",34593,"Liberia",6.5,-9.5,8.5,-11.5,0.56988012625878
2002,"Serbia",1089,"Macedonia, the former Yugoslav Republic of",41.8333,22,44,21,0.168055362615177
2002,"Angola",1084,"Namibia",-22,17,-12.5,18.5,0.167397069199199
2002,"Afghanistan",1569248,"Pakistan",30,70,33,65,0.881030141218206
2002,"Congo, the Democratic Republic of the",9000,"Rwanda",-2,30,0,25,0.431965052115535
2002,"Eritrea",19152,"Sudan",15,30,15,39,0.511646193200549
2002,"Bosnia and Herzegovina",21236,"Serbia",44,21,44,18,0.52206726299514
2002,"Croatia",14308,"Serbia",44,21,45.1667,15.5,0.481627748852333
2002,"Macedonia, the former Yugoslav Republic of",7350,"Serbia",44,21,41.8333,22,0.409470699233079
2002,"Bosnia and Herzegovina",2475,"Sweden",62,15,44,18,0.279059994453563
2002,"Afghanistan",11820,"Tajikistan",39,71,33,65,0.461461903937355
2002,"Burundi",50900,"Tanzania, United Republic of",-6,35,-3.5,30,0.606166800170029
2002,"Rwanda",23800,"Tanzania, United Republic of",-6,35,-2,30,0.533442898753414
2002,"Angola",51283,"Zambia",-15,30,-12.5,18.5,0.606858261901765
2002,"Congo, the Democratic Republic of the",3000,"Zambia",-15,30,0,25,0.303380722353329
2003,"Myanmar",3231,"Bangladesh",24,90,22,98,0.312603115346253
2003,"Croatia",2539,"Bosnia and Herzegovina",44,18,45.1667,15.5,0.2823218713079
2003,"Serbia",1232,"Switzerland",47,8,44,21,0.185544708017511
2003,"Liberia",21000,"Côte d'Ivoire",8,-5,6.5,-9.5,0.520944992539199
2003,"Angola",76668,"Congo, the Democratic Republic of the",0,25,-12.5,18.5,0.643266289004548
2003,"Burundi",2142,"Congo, the Democratic Republic of the",0,25,-3.5,30,0.260394356315102
2003,"Central African Republic",2755,"Congo, the Democratic Republic of the",0,25,7,21,0.292682817086581
2003,"Rwanda",17604,"Congo, the Democratic Republic of the",0,25,-2,30,0.503061824775763
2003,"Uganda",4087,"Congo, the Democratic Republic of the",0,25,1,32,0.341272789547614
2003,"Angola",3350,"Congo",-1,15,-12.5,18.5,0.317069143961737
2003,"Central African Republic",1994,"Congo",-1,15,7,21,0.251015174892023
2003,"Congo, the Democratic Republic of the",2506,"Congo",-1,15,0,25,0.280651696992355
2003,"Serbia",4639,"Germany",51,9,44,21,0.356392898286876
2003,"Somalia",9240,"Ethiopia",8,38,10,49,0.434851313007145
2003,"Côte d'Ivoire",1500,"Guinea",11,-10,8,-5,0.21282727349384
2003,"Sierra Leone",28217,"Guinea",11,-10,8.5,-11.5,0.550194881245639
2003,"Bosnia and Herzegovina",2435,"Croatia",45.1667,15.5,44,18,0.276972630772266
2003,"Sri Lanka",4527,"India",20,77,7,81,0.353493814701022
2003,"Afghanistan",269391,"Iran, Islamic Republic of",32,53,33,65,0.749185677268197
2003,"Iraq",50524,"Iran, Islamic Republic of",32,53,33,44,0.605482425621409
2003,"Iran, Islamic Republic of",3800,"Iraq",33,44,32,53,0.332478347275329
2003,"Côte d'Ivoire",15000,"Liberia",6.5,-9.5,8,-5,0.486551700125871
2003,"Sierra Leone",4510,"Liberia",6.5,-9.5,8.5,-11.5,0.353046768041055
2003,"Angola",9439,"Namibia",-22,17,-12.5,18.5,0.437182124643477
2003,"Afghanistan",375526,"Pakistan",30,70,33,65,0.775403739857317
2003,"Iraq",4524,"Saudi Arabia",25,45,33,44,0.353415060734157
2003,"Eritrea",9444,"Sudan",15,30,15,39,0.437239983749337
2003,"Bosnia and Herzegovina",5403,"Serbia",44,21,44,18,0.37429040643049
2003,"Croatia",7327,"Serbia",44,21,45.1667,15.5,0.409118581792819
2003,"Macedonia, the former Yugoslav Republic of",2200,"Serbia",44,21,41.8333,22,0.263871894148621
2003,"Bosnia and Herzegovina",1692,"Sweden",62,15,44,18,0.22916276613884
2003,"Burundi",79925,"Tanzania, United Republic of",-6,35,-3.5,30,0.64695853042698
2003,"Rwanda",4722,"Tanzania, United Republic of",-6,35,-2,30,0.35849127311633
2003,"Angola",43507,"Zambia",-15,30,-12.5,18.5,0.59157978392927
2004,"Congo, the Democratic Republic of the",11166,"Burundi",-3.5,30,0,25,0.455373637593725
2004,"Congo, the Democratic Republic of the",2011,"Central African Republic",7,21,0,25,0.252131891652212
2004,"Liberia",16801,"Côte d'Ivoire",8,-5,6.5,-9.5,0.49827457536603
2004,"Angola",34085,"Congo, the Democratic Republic of the",0,25,-12.5,18.5,0.568463625546594
2004,"Rwanda",10833,"Congo, the Democratic Republic of the",0,25,-2,30,0.452120026988752
2004,"Serbia",3013,"Germany",51,9,44,21,0.303920643141068
2004,"Somalia",8448,"Djibouti",11.5,43,10,49,0.424989102812063
2004,"Somalia",9513,"Ethiopia",8,38,10,49,0.438034986968108
2004,"Liberia",1912,"Ghana",8,-2,6.5,-9.5,0.245472940473763
2004,"Liberia",22473,"Guinea",11,-10,6.5,-9.5,0.527733619762586
2004,"Sierra Leone",12150,"Guinea",11,-10,8.5,-11.5,0.464393993162318
2004,"Sri Lanka",9926,"India",20,77,7,81,0.442663600055945
2004,"Afghanistan",454547,"Iran, Islamic Republic of",32,53,33,65,0.790172022657815
2004,"Iraq",191648,"Iran, Islamic Republic of",32,53,33,44,0.721576279451191
2004,"Iraq",1531,"Lebanon",33.8333,35.8333,33,44,0.215620496136256
2004,"Côte d'Ivoire",7594,"Liberia",6.5,-9.5,8,-5,0.413132429647795
2004,"Sierra Leone",13429,"Liberia",6.5,-9.5,8.5,-11.5,0.474979604585281
2004,"Angola",8809,"Namibia",-22,17,-12.5,18.5,0.429606347388155
2004,"Afghanistan",424477,"Pakistan",30,70,33,65,0.784904222767808
2004,"Eritrea",9892,"Sudan",15,30,15,39,0.44229068906888
2004,"Liberia",14775,"Sierra Leone",8.5,-11.5,6.5,-9.5,0.484978714094879
2004,"Croatia",6616,"Serbia",44,21,45.1667,15.5,0.397582296178971
2004,"Burundi",89039,"Tanzania, United Republic of",-6,35,-3.5,30,0.656478776371484
2004,"Rwanda",2568,"Uganda",1,32,-2,30,0.28376951816452
2004,"Angola",46499,"Zambia",-15,30,-12.5,18.5,0.597787512178048
2005,"Congo, the Democratic Republic of the",1428,"Burundi",-3.5,30,0,25,0.206078342232832
2005,"Chad",1375,"Central African Republic",7,21,15,19,0.20085810835158
2005,"Liberia",33000,"Côte d'Ivoire",8,-5,6.5,-9.5,0.565359161984866
2005,"Nigeria",7401,"Cameroon",6,12,10,8,0.41024712870628
2005,"Angola",20072,"Congo, the Democratic Republic of the",0,25,-12.5,18.5,0.51639331419603
2005,"Burundi",1002,"Congo, the Democratic Republic of the",0,25,-3.5,30,0.156077483918712
2005,"Rwanda",8048,"Congo, the Democratic Republic of the",0,25,-2,30,0.419609940447216
2005,"Sudan",18265,"Congo, the Democratic Republic of the",0,25,15,30,0.506825290345975
2005,"Congo, the Democratic Republic of the",7286,"Congo",-1,15,0,25,0.408487834097539
2005,"Serbia",2480,"Germany",51,9,44,21,0.279318236672242
2005,"Somalia",7667,"Djibouti",11.5,43,10,49,0.414202569880182
2005,"Somalia",4110,"Ethiopia",8,38,10,49,0.341947419616094
2005,"Liberia",1202,"Ghana",8,-2,6.5,-9.5,0.182074576075288
2005,"Liberia",29566,"Guinea",11,-10,6.5,-9.5,0.554741698769289
2005,"Sri Lanka",2700,"India",20,77,7,81,0.290133777598696
2005,"Afghanistan",289647,"Iran, Islamic Republic of",32,53,33,65,0.754967041787119
2005,"Iraq",55267,"Iran, Islamic Republic of",32,53,33,44,0.613733227138642
2005,"Angola",2719,"Namibia",-22,17,-12.5,18.5,0.291020915475459
2005,"Afghanistan",461118,"Pakistan",30,70,33,65,0.791273173638893
2005,"Burundi",4624,"Rwanda",-2,30,-3.5,30,0.356009195575848
2005,"Congo, the Democratic Republic of the",10225,"Rwanda",-2,30,0,25,0.445883273427892
2005,"Liberia",6202,"Sierra Leone",8.5,-11.5,6.5,-9.5,0.390209803692183
2005,"Croatia",4450,"Serbia",44,21,45.1667,15.5,0.351453751125637
2005,"Burundi",62338,"Tanzania, United Republic of",-6,35,-3.5,30,0.624698163345169
2005,"Congo, the Democratic Republic of the",19156,"Tanzania, United Republic of",-6,35,0,25,0.511667372512229
2005,"Rwanda",1586,"Uganda",1,32,-2,30,0.220421546561598
2005,"Angola",29758,"Zambia",-15,30,-12.5,18.5,0.555370286068769
2006,"Congo, the Democratic Republic of the",1097,"Burundi",-3.5,30,0,25,0.169101479267412
2006,"Togo",2215,"Benin",9.5,2.25,8,1.1667,0.264754412020545
2006,"Croatia",1193,"Bosnia and Herzegovina",44,18,45.1667,15.5,0.181014233188423
2006,"Sudan",12123,"Central African Republic",7,21,15,30,0.464157423443849
2006,"Liberia",14967,"Côte d'Ivoire",8,-5,6.5,-9.5,0.486322631867153
2006,"Angola",24438,"Congo, the Democratic Republic of the",0,25,-12.5,18.5,0.536064502507143
2006,"Burundi",1284,"Congo, the Democratic Republic of the",0,25,-3.5,30,0.191337209112409
2006,"Congo",4413,"Congo, the Democratic Republic of the",0,25,-1,15,0.350459362773274
2006,"Rwanda",5828,"Congo, the Democratic Republic of the",0,25,-2,30,0.383061841148586
2006,"Sudan",6737,"Congo, the Democratic Republic of the",0,25,15,30,0.39964034030025
2006,"Uganda",5035,"Congo, the Democratic Republic of the",0,25,1,32,0.366049068868414
2006,"Congo, the Democratic Republic of the",10034,"Congo",-1,15,0,25,0.443838813966635
2006,"Serbia",2772,"Germany",51,9,44,21,0.293459122751393
2006,"Somalia",1243,"Djibouti",11.5,43,10,49,0.186793008821478
2006,"Sudan",5937,"Ethiopia",8,38,15,30,0.38519671751229
2006,"Liberia",4665,"Ghana",8,-2,6.5,-9.5,0.357054707234633
2006,"Togo",5698,"Ghana",8,-2,8,1.1667,0.380456658719626
2006,"Liberia",54206,"Guinea",11,-10,6.5,-9.5,0.611956511988666
2006,"Afghanistan",243648,"Iran, Islamic Republic of",32,53,33,65,0.741120616792612
2006,"Sudan",2186,"Kenya",1,38,15,30,0.263042054835384
2006,"Afghanistan",143019,"Pakistan",30,70,33,65,0.697219490764086
2006,"Liberia",33095,"Sierra Leone",8.5,-11.5,6.5,-9.5,0.565635419428065
2006,"Croatia",3423,"Serbia",44,21,45.1667,15.5,0.319721502240886
2006,"Sudan",8500,"Chad",15,19,15,30,0.425667555459209
2006,"Burundi",42765,"Tanzania, United Republic of",-6,35,-3.5,30,0.589967929117997
2006,"Congo, the Democratic Republic of the",23735,"Tanzania, United Republic of",-6,35,0,25,0.533171480655305
2006,"Sudan",5835,"Uganda",1,32,15,30,0.383200276547452
2006,"Angola",21941,"Zambia",-15,30,-12.5,18.5,0.525339799882254
2006,"Congo, the Democratic Republic of the",4742,"Zambia",-15,30,0,25,0.358990741164713
2007,"Togo",2065,"Benin",9.5,2.25,8,1.1667,0.255609504069809
2007,"Congo, the Democratic Republic of the",1363,"Central African Republic",7,21,0,25,0.199644346179499
2007,"Sudan",6473,"Central African Republic",7,21,15,30,0.395095329174097
2007,"Liberia",5756,"Côte d'Ivoire",8,-5,6.5,-9.5,0.381627077188589
2007,"Angola",7252,"Congo, the Democratic Republic of the",0,25,-12.5,18.5,0.407961772857139
2007,"Rwanda",9408,"Congo, the Democratic Republic of the",0,25,-2,30,0.436822637655909
2007,"Sudan",3674,"Congo, the Democratic Republic of the",0,25,15,30,0.328379082477265
2007,"Angola",2307,"Congo",-1,15,-12.5,18.5,0.270023581620122
2007,"Congo, the Democratic Republic of the",19402,"Congo",-1,15,0,25,0.512960622173483
2007,"Somalia",1853,"Djibouti",11.5,43,10,49,0.241316051449837
2007,"Sudan",1602,"Egypt",27,30,15,30,0.221782780843729
2007,"Sudan",22996,"Ethiopia",8,38,15,30,0.530026950016847
2007,"Liberia",14641,"Ghana",8,-2,6.5,-9.5,0.484029295357789
2007,"Togo",1331,"Ghana",8,-2,8,1.1667,0.196347222906009
2007,"Liberia",6123,"Guinea",11,-10,6.5,-9.5,0.388740707738775
2007,"Sri Lanka",1980,"India",20,77,7,81,0.250087405680709
2007,"Afghanistan",7462,"Iran, Islamic Republic of",32,53,33,65,0.411168020900511
2007,"Sudan",19159,"Kenya",1,38,15,30,0.511683253799644
2007,"Afghanistan",365663,"Pakistan",30,70,33,65,0.773328091275967
2007,"Congo, the Democratic Republic of the",1933,"Rwanda",-2,30,0,25,0.246917571822204
2007,"Liberia",17340,"Sierra Leone",8.5,-11.5,6.5,-9.5,0.501514970167842
2007,"Croatia",1534,"Serbia",44,21,45.1667,15.5,0.215887391611333
2007,"Iraq",45000,"Syrian Arab Republic",35,38,33,44,0.594733840802816
2007,"Burundi",39506,"Tanzania, United Republic of",-6,35,-3.5,30,0.582506614941614
2007,"Congo, the Democratic Republic of the",28370,"Tanzania, United Republic of",-6,35,0,25,0.550722433764994
2007,"Sudan",76575,"Uganda",1,32,15,30,0.643158367041509
2007,"Angola",2440,"Zambia",-15,30,-12.5,18.5,0.277235658649039
2007,"Congo, the Democratic Republic of the",7826,"Zambia",-15,30,0,25,0.41649472589893
2008,"Chad",4401,"Cameroon",6,12,15,19,0.350134853277118
2008,"Angola",12770,"Congo, the Democratic Republic of the",0,25,-12.5,18.5,0.469671806348856
2008,"Rwanda",8074,"Congo, the Democratic Republic of the",0,25,-2,30,0.419968526754991
2008,"Congo, the Democratic Republic of the",13557,"Congo",-1,15,0,25,0.475977139497284
2008,"Iraq",1210,"Egypt",27,30,33,44,0.183009525889517
2008,"Sudan",10368,"Ethiopia",8,38,15,30,0.447386426995235
2008,"Liberia",8846,"Ghana",8,-2,6.5,-9.5,0.430067675411741
2008,"Togo",4260,"Ghana",8,-2,8,1.1667,0.346245986735529
2008,"Sri Lanka",1733,"India",20,77,7,81,0.232378443620714
2008,"Afghanistan",3656,"Iran, Islamic Republic of",32,53,33,65,0.327780619659741
2008,"Iraq",3490,"Iran, Islamic Republic of",32,53,33,44,0.322100548569745
2008,"Iraq",1370,"Jordan",31,36,33,44,0.200353845346806
2008,"Sudan",9876,"Kenya",1,38,15,30,0.442114709521152
2008,"Afghanistan",274200,"Pakistan",30,70,33,65,0.750599746236068
2008,"Mauritania",7036,"Senegal",14,-14,20,-12,0.404554314116492
2008,"Liberia",1137,"Sierra Leone",8.5,-11.5,6.5,-9.5,0.174204482820504
2008,"Iraq",4160,"Syrian Arab Republic",35,38,33,44,0.343399529876379
2008,"Sudan",22000,"Chad",15,19,15,30,0.525608410314484
2008,"Burundi",94891,"Tanzania, United Republic of",-6,35,-3.5,30,0.662048508081099
2008,"Congo, the Democratic Republic of the",15681,"Tanzania, United Republic of",-6,35,0,25,0.491158427820668
2008,"Congo, the Democratic Republic of the",14327,"Uganda",1,32,0,25,0.481766427351991
2008,"Rwanda",3174,"Uganda",1,32,-2,30,0.310397980384971
2008,"Sudan",46858,"Uganda",1,32,15,30,0.598502880293651
2008,"Somalia",1318,"Uganda",1,32,10,49,0.194981885919219
2008,"Congo, the Democratic Republic of the",9700,"Zambia",-15,30,0,25,0.440157810818319
2009,"Rwanda",14780,"Congo, the Democratic Republic of the",0,25,-2,30,0.485013955957799
2009,"Iraq",1900,"Egypt",27,30,33,44,0.244639347030529
2009,"Sudan",1023,"Ethiopia",8,38,15,30,0.159074756765749
2009,"Sri Lanka",1480,"India",20,77,7,81,0.210990141104961
2009,"Afghanistan",6028,"Iran, Islamic Republic of",32,53,33,65,0.386945836794904
2009,"Iraq",5620,"Iran, Islamic Republic of",32,53,33,44,0.378861518223959
2009,"Iraq",2470,"Jordan",31,36,33,44,0.278801163096798
2009,"Afghanistan",51290,"Pakistan",30,70,33,65,0.606870847043198
2009,"Burundi",2805,"Rwanda",-2,30,-3.5,30,0.294950878638148
2009,"Mauritania",12012,"Senegal",14,-14,20,-12,0.463178697083994
2009,"Iraq",1990,"Sweden",62,15,33,44,0.250750852021077
2009,"Iraq",18210,"Syrian Arab Republic",35,38,33,44,0.50651791142562
2009,"Burundi",29115,"Tanzania, United Republic of",-6,35,-3.5,30,0.553247384928852
2009,"Congo, the Democratic Republic of the",1458,"Tanzania, United Republic of",-6,35,0,25,0.20893640762127
2009,"Congo, the Democratic Republic of the",25616,"Uganda",1,32,0,25,0.540713058640105
2009,"Rwanda",5701,"Uganda",1,32,-2,30,0.380517522946798
2009,"Sudan",29917,"Uganda",1,32,15,30,0.555887476173842
2009,"Angola",2295,"Zambia",-15,30,-12.5,18.5,0.26934988682484
2009,"Congo, the Democratic Republic of the",16985,"Zambia",-15,30,0,25,0.499393486239297
2010,"Congo, the Democratic Republic of the",1101,"Burundi",-3.5,30,0,25,0.169621273087177
2010,"Burundi",3640,"Congo, the Democratic Republic of the",0,25,-3.5,30,0.327245871008286
2010,"Rwanda",10807,"Congo, the Democratic Republic of the",0,25,-2,30,0.451861342562198
2010,"Sri Lanka",5043,"India",20,77,7,81,0.366235300409901
2010,"Afghanistan",8487,"Iran, Islamic Republic of",32,53,33,65,0.425498375287582
2010,"Iraq",1662,"Iran, Islamic Republic of",32,53,33,44,0.22675330569181
2010,"Afghanistan",109383,"Pakistan",30,70,33,65,0.67437368995148
2010,"Mauritania",1391,"Senegal",14,-14,20,-12,0.202457831046079
2010,"Sudan",4000,"Chad",15,19,15,30,0.338681898182223
2010,"Burundi",1012,"Tanzania, United Republic of",-6,35,-3.5,30,0.157513633461896
2010,"Congo, the Democratic Republic of the",6177,"Uganda",1,32,0,25,0.389747166468545
2010,"Sudan",2674,"Uganda",1,32,15,30,0.288908335785321
2010,"Congo, the Democratic Republic of the",9265,"Zambia",-15,30,0,25,0.435147171783106
2011,"Pakistan",3448,"Afghanistan",33,65,30,70,0.320615271973448
2011,"Iraq",1285,"United Arab Emirates",24,54,33,44,0.191445968474445
2011,"Congo, the Democratic Republic of the",11641,"Central African Republic",7,21,0,25,0.459833323480613
2011,"Liberia",1174,"Côte d'Ivoire",8,-5,6.5,-9.5,0.178745440561594
2011,"Central African Republic",2497,"Cameroon",6,12,7,21,0.280191887556712
2011,"Angola",1538,"Congo, the Democratic Republic of the",0,25,-12.5,18.5,0.216242331076841
2011,"Burundi",3944,"Congo, the Democratic Republic of the",0,25,-3.5,30,0.336980567486239
2011,"Rwanda",8352,"Congo, the Democratic Republic of the",0,25,-2,30,0.423724302628475
2011,"Iraq",1735,"Egypt",27,30,33,44,0.2325330928436
2011,"Sri Lanka",2307,"India",20,77,7,81,0.270023581620122
2011,"Afghanistan",18851,"Iran, Islamic Republic of",32,53,33,65,0.510038316576201
2011,"Iraq",18015,"Iran, Islamic Republic of",32,53,33,44,0.505419811276152
2011,"Iraq",4575,"Jordan",31,36,33,44,0.354745995753599
2011,"Côte d'Ivoire",135109,"Liberia",6.5,-9.5,8,-5,0.692415034684389
2011,"Iraq",1070,"Libyan Arab Jamahiriya",25,17,33,44,0.165535221698957
2011,"Sudan",17823,"Libyan Arab Jamahiriya",25,17,15,30,0.50432573101363
2011,"Afghanistan",52096,"Pakistan",30,70,33,65,0.608307528491304
2011,"Mauritania",1367,"Senegal",14,-14,20,-12,0.200050280818119
2011,"Iraq",2265,"Sweden",62,15,33,44,0.267648096540371
2011,"Iraq",28230,"Syrian Arab Republic",35,38,33,44,0.550239827880162
2011,"Central African Republic",6469,"Chad",15,19,7,21,0.395024886273626
2011,"Sudan",30885,"Chad",15,19,15,30,0.558972484191514
2011,"Libyan Arab Jamahiriya",148951,"Tunisia",34,9,25,17,0.700637181758204
2011,"Congo, the Democratic Republic of the",7985,"Uganda",1,32,0,25,0.418735692579081
2011,"Iraq",1769,"United States",38,-97,33,44,0.235131620064161
2011,"Angola",2371,"Zambia",-15,30,-12.5,18.5,0.273551040378251
2012,"Iraq",1495,"United Arab Emirates",24,54,33,44,0.212370612335003
2012,"Liberia",17585,"Côte d'Ivoire",8,-5,6.5,-9.5,0.502951354668351
2012,"Chad",1711,"Cameroon",6,12,15,19,0.230663822826314
2012,"Angola",15573,"Congo, the Democratic Republic of the",0,25,-12.5,18.5,0.490442747748032
2012,"Rwanda",10780,"Congo, the Democratic Republic of the",0,25,-2,30,0.451591978069645
2012,"Congo, the Democratic Republic of the",46385,"Congo",-1,15,0,25,0.59755908436172
2012,"Iraq",1565,"Egypt",27,30,33,44,0.218611067167041
2012,"Liberia",4710,"Ghana",8,-2,6.5,-9.5,0.358190455495909
2012,"Liberia",5548,"Guinea",11,-10,6.5,-9.5,0.377367000133377
2012,"Sri Lanka",1451,"India",20,77,7,81,0.2082755471601
2012,"Afghanistan",15035,"Iran, Islamic Republic of",32,53,33,65,0.486794044144702
2012,"Iraq",6855,"Iran, Islamic Republic of",32,53,33,44,0.401608098087601
2012,"Iraq",2820,"Jordan",31,36,33,44,0.295622430308716
2012,"Côte d'Ivoire",71987,"Liberia",6.5,-9.5,8,-5,0.637649269669371
2012,"Angola",2808,"Namibia",-22,17,-12.5,18.5,0.295085511948437
2012,"Afghanistan",83423,"Pakistan",30,70,33,65,0.650745835114988
2012,"Congo, the Democratic Republic of the",2436,"Sudan",15,30,0,25,0.277025285067284
2012,"Mauritania",6208,"Senegal",14,-14,20,-12,0.390320527379317
2012,"Liberia",1032,"Sierra Leone",8.5,-11.5,6.5,-9.5,0.160337819483935
2012,"Iraq",2545,"Sweden",62,15,33,44,0.282622908914899
2012,"Iraq",56930,"Syrian Arab Republic",35,38,33,44,0.616444442627177
2012,"Central African Republic",1966,"Chad",15,19,7,21,0.249152182405062
2012,"Sudan",17657,"Chad",15,19,15,30,0.503369284955284
2012,"Libyan Arab Jamahiriya",1049,"Tunisia",34,9,25,17,0.162689579155584
2012,"Syrian Arab Republic",68573,"Turkey",39,35,35,38,0.633295597512435
2012,"Burundi",35200,"Tanzania, United Republic of",-6,35,-3.5,30,0.571543086508882
2012,"Congo, the Democratic Republic of the",21912,"Uganda",1,32,0,25,0.52520747961982
2012,"Sudan",1671,"Uganda",1,32,15,30,0.227481292478728
2012,"South Sudan",1906,"Uganda",1,32,6.87,31.3,0.245056886641145
2012,"Iraq",1120,"United States",38,-97,33,44,0.172061168299197
2012,"Angola",1085,"Zambia",-15,30,-12.5,18.5,0.167529005180124
2013,"Mali",3758,"Burkina Faso",13,-2,17,-4,0.331129081939801
2013,"Burundi",1498,"Congo, the Democratic Republic of the",0,25,-3.5,30,0.21264481697468
2013,"Rwanda",7199,"Congo, the Democratic Republic of the",0,25,-2,30,0.407136239428748
2013,"Congo, the Democratic Republic of the",62865,"Congo",-1,15,0,25,0.625460384503006
2013,"Somalia",4481,"Ethiopia",8,38,10,49,0.352279790186555
2013,"Afghanistan",8247,"Iran, Islamic Republic of",32,53,33,65,0.422322304319597
2013,"Iraq",4035,"Iran, Islamic Republic of",32,53,33,44,0.339731731344302
2013,"Iraq",1710,"Jordan",31,36,33,44,0.230585292209208
2013,"Somalia",28828,"Kenya",1,38,10,49,0.552283172802704
2013,"Côte d'Ivoire",18719,"Liberia",6.5,-9.5,8,-5,0.509324258084552
2013,"Mali",3897,"Mauritania",20,-12,17,-4,0.335531634020619
2013,"Mali",5694,"Niger",16,8,17,-4,0.380375450781434
2013,"Afghanistan",31224,"Pakistan",30,70,33,65,0.560027873422958
2013,"Congo, the Democratic Republic of the",4470,"Sudan",15,30,0,25,0.351987413520348
2013,"Iraq",1640,"Sweden",62,15,33,44,0.224954783258106
2013,"Iraq",45840,"Syrian Arab Republic",35,38,33,44,0.596458492506948
2013,"Sudan",16935,"Chad",15,19,15,30,0.499090761845006
2013,"Myanmar",3000,"Thailand",15,100,22,98,0.303380722353329
2013,"Syrian Arab Republic",140756,"Turkey",39,35,35,38,0.695874980817651
2013,"Somalia",2615,"Yemen",15,48,10,49,0.286077003247939
2013,"Angola",1161,"Zambia",-15,30,-12.5,18.5,0.177168823746817
2014,"Mali",7737,"Burkina Faso",13,-2,17,-4,0.415218145171097
2014,"Congo, the Democratic Republic of the",6965,"Central African Republic",7,21,0,25,0.403408782500963
2014,"Angola",12482,"Congo, the Democratic Republic of the",0,25,-12.5,18.5,0.467256261347042
2014,"Rwanda",5645,"Congo, the Democratic Republic of the",0,25,-2,30,0.379375457133249
2014,"Congo, the Democratic Republic of the",10068,"Congo",-1,15,0,25,0.444205888831768
2014,"Mali",2367,"Algeria",28,3,17,-4,0.273333739460229
2014,"Afghanistan",4512,"Iran, Islamic Republic of",32,53,33,65,0.353099459535928
2014,"Iraq",2312,"Kazakhstan",48,68,33,44,0.270303120874555
2014,"Côte d'Ivoire",12211,"Liberia",6.5,-9.5,8,-5,0.464926330987879
2014,"Mali",4551,"Mauritania",20,-12,17,-4,0.354121752092979
2014,"Mali",6304,"Niger",16,8,17,-4,0.392076059373123
2014,"Afghanistan",12991,"Pakistan",30,70,33,65,0.471484905742602
2014,"Congo, the Democratic Republic of the",2514,"South Sudan",6.87,31.3,0,25,0.281058855751951
2014,"Iraq",1962,"Syrian Arab Republic",35,38,33,44,0.248883590690303
2014,"Sudan",13105,"Chad",15,19,15,30,0.472406885108699
2014,"Congo, the Democratic Republic of the",5541,"Uganda",1,32,0,25,0.377220546498548
2014,"Somalia",1987,"Yemen",15,48,10,49,0.250552214991394
2014,"Angola",1620,"Zambia",-15,30,-12.5,18.5,0.223295836477214
